INSERT INTO movie (title, language, certificate, duration_min, genre, release_date, imdb_rating) VALUES ('Inception', 'English', 'UA', 148, 'Sci-Fi', '2010-07-16', 8.8);
INSERT INTO movie (title, language, certificate, duration_min, genre, release_date, imdb_rating) VALUES ('3 Idiots', 'Hindi', 'U', 171, 'Drama', '2009-12-25', 8.4);
INSERT INTO theatre (name, address_line, city, state, pincode) VALUES ('PVR Cinemas', '123 Main Road', 'Chennai', 'Tamil Nadu', '600001');
INSERT INTO theatre (name, address_line, city, state, pincode) VALUES ('INOX', '45 Arcot Road', 'Bengaluru', 'Karnataka', '560001');
INSERT INTO screen (theatre_id, screen_number, audio_system, screen_type) VALUES (1, 'Screen 1', 'Dolby Atmos', 'IMAX');
INSERT INTO screen (theatre_id, screen_number, audio_system, screen_type) VALUES (2, 'Screen 2', '7.1', '3D');
INSERT INTO seat (screen_id, seat_label) VALUES (1, 'A1');
INSERT INTO seat (screen_id, seat_label) VALUES (1, 'A2');
INSERT INTO seat (screen_id, seat_label) VALUES (2, 'B1');
INSERT INTO seat (screen_id, seat_label) VALUES (2, 'B2');
INSERT INTO showtime (movie_id, screen_id, start_datetime, subtitle_available, subtitle_language) VALUES (1, 1, '2025-09-01 18:00:00', TRUE, 'Hindi');
INSERT INTO showtime (movie_id, screen_id, start_datetime, subtitle_available, subtitle_language) VALUES (2, 2, '2025-09-01 21:00:00', FALSE, NULL);
INSERT INTO customer (full_name, email, mobile_number) VALUES ('Ram A', 'rama@gmail.com', '9876543210');
INSERT INTO customer (full_name, email, mobile_number) VALUES ('Vishnu K', 'vishnu@yahoo.com', '9123456789');
INSERT INTO ticket (show_id, customer_id, payment_status, total_amount) VALUES (1, 1, 'PAID', 500.00);
INSERT INTO ticket (show_id, customer_id, payment_status, total_amount) VALUES (2, 2, 'PAID', 600.00);
INSERT INTO ticket_seat (ticket_id, show_id, seat_id) VALUES (1, 1, 1);
INSERT INTO ticket_seat (ticket_id, show_id, seat_id) VALUES (1, 1, 2);
INSERT INTO ticket_seat (ticket_id, show_id, seat_id) VALUES (2, 2, 3);
INSERT INTO ticket_seat (ticket_id, show_id, seat_id) VALUES (2, 2, 4);